-- phpMyAdmin SQL Dump
-- version 5.2.1
-- https://www.phpmyadmin.net/
--
-- Host: 127.0.0.1
-- Generation Time: Dec 20, 2023 at 06:19 PM
-- Server version: 10.4.28-MariaDB
-- PHP Version: 8.0.28

SET SQL_MODE = "NO_AUTO_VALUE_ON_ZERO";
START TRANSACTION;
SET time_zone = "+00:00";


/*!40101 SET @OLD_CHARACTER_SET_CLIENT=@@CHARACTER_SET_CLIENT */;
/*!40101 SET @OLD_CHARACTER_SET_RESULTS=@@CHARACTER_SET_RESULTS */;
/*!40101 SET @OLD_COLLATION_CONNECTION=@@COLLATION_CONNECTION */;
/*!40101 SET NAMES utf8mb4 */;

--
-- Database: `debt`
--

-- --------------------------------------------------------

--
-- Table structure for table `account_data`
--

CREATE TABLE `account_data` (
  `id` int(11) NOT NULL,
  `debt_id` int(11) NOT NULL,
  `date_contract` varchar(20) NOT NULL,
  `total_amount` varchar(20) NOT NULL,
  `status_account` varchar(20) NOT NULL,
  `datestart_payment` varchar(20) NOT NULL,
  `dateend_payment` varchar(20) NOT NULL,
  `datecal_interest` varchar(20) NOT NULL,
  `payment_model` varchar(50) NOT NULL,
  `pernalty_model` varchar(100) NOT NULL,
  `penalty_rate` varchar(10) NOT NULL,
  `penalty_rate_dif` varchar(10) NOT NULL,
  `penalty_total` varchar(10) NOT NULL,
  `interest_model` varchar(100) NOT NULL,
  `interest_rate` varchar(10) NOT NULL,
  `interest_total` varchar(20) NOT NULL,
  `interest_rate_dif` varchar(10) NOT NULL,
  `payment_frequency` varchar(20) NOT NULL,
  `remain_balance` varchar(20) NOT NULL,
  `overdue_installment_amount` varchar(20) NOT NULL,
  `overdue_principal_amount` varchar(20) NOT NULL,
  `number_overdue` varchar(10) NOT NULL,
  `interest_amount` varchar(20) NOT NULL,
  `interest_close_amount` varchar(20) NOT NULL,
  `penalty_amount` varchar(20) NOT NULL,
  `penalty_before_amount` varchar(20) NOT NULL
) ENGINE=InnoDB DEFAULT CHARSET=utf8 COLLATE=utf8_general_ci;

--
-- Dumping data for table `account_data`
--

INSERT INTO `account_data` (`id`, `debt_id`, `date_contract`, `total_amount`, `status_account`, `datestart_payment`, `dateend_payment`, `datecal_interest`, `payment_model`, `pernalty_model`, `penalty_rate`, `penalty_rate_dif`, `penalty_total`, `interest_model`, `interest_rate`, `interest_total`, `interest_rate_dif`, `payment_frequency`, `remain_balance`, `overdue_installment_amount`, `overdue_principal_amount`, `number_overdue`, `interest_amount`, `interest_close_amount`, `penalty_amount`, `penalty_before_amount`) VALUES
(1, 1, '04/11/2565', '10000.00', 'ปกติ', '05/07/2544', '05/10/2565', '05/07/2544', 'กำหนดเอง', 'อัตราเบี้ยปรับจากคำพิพากษา 0%', '0', '7.5000', '7.5000', 'อัตราดอกเบี้ยจากคำพิพากษา 0%', '0', '1.0000', '1.0000', 'รายเดือน', '6948.95', '8260.48', '6948.95', '21', '1886.23', '0.00', '5654.51', '0.00'),
(2, 2, '01/07/2566', '12594.00', 'ปกติ', '07/07/2551', '02/07/2556', '07/07/2551', 'กำหนดเอง', 'อัตราเบี้ยปรับจากคำพิพากษา 0%', '0', '6.5000', '6.5000', 'อัตราดอกเบี้ยจากคำพิพากษา 0%', '0', '1.0000', '1.0000', 'รายเดือน', '12594.00', '13922.78', '12594.00', '1', '2645.30', '0.00', '8558.47', '0.00'),
(3, 3, '04/08/2565', '32,000.00', 'ปกติ', '07/07/2551', '05/07/2565', '07/07/2551', 'กำหนดเอง', 'อัตราเบี้ยปรับจากคำพิพากษา 0%', '0', '7.5000', '7.5000', 'อัตราดอกเบี้ยจากคำพิพากษา 0%', '0', '1.0000', '1.0000', 'รายเดือน', '32,000.00', '34,856.29', '32,000.00', '93', '5,294.51', '0.00', '18,843.66', '0.00'),
(4, 4, '18/06/2566', '381,900.00', 'ปกติ', '07/07/2551', '19/06/2556', '07/07/2551', 'กำหนดเอง', 'อัตราเบี้ยปรับจากคำพิพากษา 0%', '0', '6.5000', '6.5000', 'อัตราดอกเบี้ยจากคำพิพากษา 0%', '0', '1.0000', '1.0000', 'รายเดือน', '380,900.00', '420,376.46', '380,900.00', '1', '79,434.60', '0.00', '259,726.83', '0.00'),
(5, 5, '30/06/2566', '32,000.00', 'ปกติ', '07/07/2551', '01/07/2556', '07/07/2551', 'กำหนดเอง', 'อัตราเบี้ยปรับจากคำพิพากษา 0%', '0', '6.5000', '6.5000', 'อัตราดอกเบี้ยจากคำพิพากษา 0%', '0', '1.0000', '1.0000', 'รายเดือน', '32,000.00', '35,381.24', '32,000.00', '1', '6,726.75', '0.00', '21,745.90', '0.00'),
(6, 6, '04/09/2565', '10,000.00', 'ปกติ', '07/07/2551', '05/08/2565', '07/07/2551', 'กำหนดเอง', 'อัตราเบี้ยปรับจากคำพิพากษา 0%', '0', '7.5000', '7.5000', 'อัตราดอกเบี้ยจากคำพิพากษา 0%', '0', '1.0000', '1.0000', 'รายเดือน', '8,718.36', '9,431.12', '8,718.36', '102', '831.44', '0.00', '6,079.43', '0.00'),
(7, 7, '04/09/2565', '10,000.00', 'ปกติ', '07/07/2551', '05/08/2565', '07/07/2551', 'กำหนดเอง', 'อัตราเบี้ยปรับจากคำพิพากษา 0%', '0', '7.5000', '7.5000', 'อัตราดอกเบี้ยจากคำพิพากษา 0%', '0', '1.0000', '1.0000', 'รายเดือน', '9,200.00', '7,900.02', '7,574.54', '39', '1,329.69', '0.00', '526.77', '0.00'),
(8, 8, '04/09/2565', '31,800.00', 'ปกติ', '07/07/2551', '05/08/2565', '07/07/2551', 'กำหนดเอง', 'อัตราเบี้ยปรับจากคำพิพากษา 0%', '0', '7.5000', '7.5000', 'อัตราดอกเบี้ยจากคำพิพากษา 0%', '0', '1.0000', '1.0000', 'รายเดือน', '31,800.00', '34,998.83', '31,800.00', '70', '6,254.93', '0.00', '19,214.02', '0.00'),
(9, 9, '04/08/2565', '9,300.00', 'ปกติ', '07/07/2551', '05/07/2565', '07/07/2551', 'กำหนดเอง', 'อัตราเบี้ยปรับจากคำพิพากษา 0%', '0', '7.5000', '7.5000', 'อัตราดอกเบี้ยจากคำพิพากษา 0%', '0', '1.0000', '1.0000', 'รายเดือน', '5,748.88', '6,162.63', '5,748.88', '96', '496.91', '0.00', '3,842.56', '0.00'),
(10, 10, '04/08/2565', '32,000.00', 'ปกติ', '07/07/2551', '05/07/2565', '07/07/2551', 'กำหนดเอง', 'อัตราเบี้ยปรับจากคำพิพากษา 0%', '0', '7.5000', '7.5000', 'อัตราดอกเบี้ยจากคำพิพากษา 0%', '0', '1.0000', '1.0000', 'รายเดือน', '30,000.00', '29,856.14', '29,219.04', '83', '5,282.33', '0.00', '8,240.17', '0.00'),
(11, 11, '04/08/2565', '9,300.00', 'ปกติ', '07/07/2551', '05/07/2565', '07/07/2551', 'กำหนดเอง', 'อัตราเบี้ยปรับจากคำพิพากษา 0%', '0', '7.5000', '7.5000', 'อัตราดอกเบี้ยจากคำพิพากษา 0%', '0', '1.0000', '1.0000', 'รายเดือน', '6,416.02', '6,921.36', '6,416.02', '98', '598.11', '0.00', '4,469.64', '0.00'),
(12, 12, '04/10/2565', '30,000.00', 'ปกติ', '05/07/2548', '05/09/2565', '05/07/2548', 'กำหนดเอง', 'อัตราเบี้ยปรับจากคำพิพากษา 0%', '0', '7.5000', '7.5000', 'อัตราดอกเบี้ยจากคำพิพากษา 0%', '0', '1.0000', '1.0000', 'รายเดือน', '27,734.37', '30,515.15', '27,734.37', '77', '5,074.61', '0.00', '15,196.61', '0.00'),
(13, 13, '04/09/2565', '188,840.00', 'ปกติ', '05/07/2548', '05/08/2565', '05/07/2548', 'กำหนดเอง', 'อัตราเบี้ยปรับจากคำพิพากษา 0%', '0', '7.5000', '7.5000', 'อัตราดอกเบี้ยจากคำพิพากษา 0%', '0', '1.0000', '1.0000', 'รายเดือน', '120,236.89', '126,373.80', '120,236.89', '62', '7,796.79', '0.00', '33,524.02', '0.00'),
(14, 14, '04/09/2565', '88,400.00', 'ปกติ', '05/07/2545', '05/08/2565', '05/07/2545', 'กำหนดเอง', 'อัตราเบี้ยปรับจากคำพิพากษา 0%', '0', '7.5000', '7.5000', 'อัตราดอกเบี้ยจากคำพิพากษา 0%', '0', '1.0000', '1.0000', 'รายเดือน', '66,618.44', '68,511.01', '65,218.44', '93', '20,134.63', '0.00', '12,690.60', '0.00'),
(15, 15, '04/09/2565', '18,000.00', 'ปกติ', '05/07/2542', '05/08/2565', '05/07/2542', 'กำหนดเอง', 'อัตราเบี้ยปรับจากคำพิพากษา 0%', '0', '7.5000', '7.5000', 'อัตราดอกเบี้ยจากคำพิพากษา 0%', '0', '1.0000', '1.0000', 'รายเดือน', '11,332.55', '13,364.05', '11,332.55', '41', '4,351.72', '0.00', '5,349.16', '0.00'),
(16, 16, '04/09/2565', '189,030.00', 'ปกติ', '05/07/2551', '05/08/2565', '05/07/2551', 'กำหนดเอง', 'อัตราเบี้ยปรับจากคำพิพากษา 0%', '0', '7.5000', '7.5000', 'อัตราดอกเบี้ยจากคำพิพากษา 0%', '0', '1.0000', '1.0000', 'รายเดือน', '183,285.40', '199,680.59', '183,285.40', '105', '33,556.09', '0.00', '88,468.08', '0.00'),
(17, 17, '04/09/2565', '107,200.00', 'ปกติ', '05/07/2544', '05/08/2565', '05/07/2544', 'กำหนดเอง', 'อัตราเบี้ยปรับจากคำพิพากษา 0%', '0', '7.5000', '7.5000', 'อัตราดอกเบี้ยจากคำพิพากษา 0%', '0', '1.0000', '1.0000', 'รายเดือน', '58,319.15', '57,744.33', '56,097.36', '47', '470.87', '0.00', '3,497.08', '0.00'),
(18, 18, '04/10/2565', '150,000.00', 'ปกติ', '05/07/2545', '05/09/2565', '05/07/2545', 'กำหนดเอง', 'อัตราเบี้ยปรับจากคำพิพากษา 0%', '0', '7.5000', '7.5000', 'อัตราดอกเบี้ยจากคำพิพากษา 0%', '0', '1.0000', '1.0000', 'รายเดือน', '88,718.35', '92,004.96', '88,718.35', '39', '734.71', '0.00', '5,710.21', '0.00'),
(19, 19, '04/08/2565', '134,300.00', 'ปกติ', '05/07/2546', '05/07/2565', '05/07/2546', 'กำหนดเอง', 'อัตราเบี้ยปรับจากคำพิพากษา 0%', '0', '7.5000', '7.5000', 'อัตราดอกเบี้ยจากคำพิพากษา 0%', '0', '1.0000', '1.0000', 'รายเดือน', '49,910.11', '47,003.70', '46,978.03', '20', '414.39', '0.00', '2,931.90', '0.00'),
(20, 20, '04/07/2575', '73,760.00', 'ปกติ', '05/07/2560', '05/06/2569', '05/07/2560', 'กำหนดเอง', 'อัตราเบี้ยปรับจากคำพิพากษา 0%', '0', '7.5000', '7.5000', 'อัตราดอกเบี้ยจากคำพิพากษา 0%', '0', '1.0000', '1.0000', 'รายเดือน', '43,852.81', '18,610.00', '16,930.32', '47', '1,691.70', '0.00', '2,686.84', '0.00'),
(21, 21, '04/08/2565', '125,600.00', 'ปกติ', '05/07/2546', '05/07/2565', '05/07/2546', 'กำหนดเอง', 'อัตราเบี้ยปรับจากคำพิพากษา 0%', '0', '7.5000', '7.5000', 'อัตราดอกเบี้ยจากคำพิพากษา 0%', '0', '1.0000', '1.0000', 'รายเดือน', '105,699.93', '115,299.93', '105,699.93', '97', '25,562.61', '0.00', '53,166.93', '0.00'),
(22, 22, '04/08/2565', '86,720.00', 'ปกติ', '05/07/2546', '05/07/2565', '05/07/2546', 'กำหนดเอง', 'อัตราเบี้ยปรับจากคำพิพากษา 0%', '0', '7.5000', '7.5000', 'อัตราดอกเบี้ยจากคำพิพากษา 0%', '0', '1.0000', '1.0000', 'รายเดือน', '70,009.94', '76,260.97', '70,009.94', '93', '15,589.24', '0.00', '37,734.58', '0.00'),
(23, 23, '04/09/2565', '47,880.00', 'ปกติ', '05/07/2545', '05/08/2565', '05/07/2545', 'กำหนดเอง', 'อัตราเบี้ยปรับจากคำพิพากษา 0%', '0', '7.5000', '7.5000', 'อัตราดอกเบี้ยจากคำพิพากษา 0%', '0', '1.0000', '1.0000', 'รายเดือน', '38,766.44', '42,258.55', '38,766.44', '96', '4,019.93', '0.00', '18,396.38', '0.00'),
(24, 24, '04/09/2565', '65,000.00', 'ปกติ', '05/07/2546', '05/08/2565', '05/07/2546', 'กำหนดเอง', 'อัตราเบี้ยปรับจากคำพิพากษา 0%', '0', '7.5000', '7.5000', 'อัตราดอกเบี้ยจากคำพิพากษา 0%', '0', '1.0000', '1.0000', 'รายเดือน', '47,310.91', '49,466.00', '45,154.55', '76', '7,699.93', '0.00', '3,895.35', '0.00'),
(25, 25, '04/09/2565', '143,111.00', 'ปกติ', '05/07/2550', '05/08/2565', '05/07/2550', 'กำหนดเอง', 'อัตราเบี้ยปรับจากคำพิพากษา 0%', '0', '7.5000', '7.5000', 'อัตราดอกเบี้ยจากคำพิพากษา 0%', '0', '1.0000', '1.0000', 'รายเดือน', '104,248.62', '103,752.06', '100,248.62', '61', '5,027.09', '0.00', '8,984.09', '0.00'),
(26, 26, '04/08/2565', '20,625.00', 'ปกติ', '05/07/2547', '05/07/2565', '05/07/2547', 'กำหนดเอง', 'อัตราเบี้ยปรับจากคำพิพากษา 0%', '0', '7.5000', '7.5000', 'อัตราดอกเบี้ยจากคำพิพากษา 0%', '0', '1.0000', '1.0000', 'รายเดือน', '16,141.63', '17,453.25', '16,141.63', '100', '1,546.46', '0.00', '10,201.93', '0.00'),
(27, 27, '30/06/2566', '372,025.00', 'ปกติ', '07/07/2551', '01/07/2556', '07/07/2551', 'กำหนดเอง', 'อัตราเบี้ยปรับจากคำพิพากษา 0%', '0', '6.5000', '6.5000', 'อัตราดอกเบี้ยจากคำพิพากษา 0%', '0', '1.0000', '1.0000', 'รายเดือน', '372,025.00', '411,324.95', '372,025.00', '1', '78,225.77', '0.00', '253,012.56', '0.00'),
(28, 28, '01/07/2566', '69,600.00', 'ปกติ', '05/07/2549', '02/07/2556', '05/07/2549', 'กำหนดเอง', 'อัตราเบี้ยปรับจากคำพิพากษา 0%', '0', '6.0000', '6.0000', 'อัตราดอกเบี้ยจากคำพิพากษา 0%', '0', '1.0000', '1.0000', 'รายเดือน', '10,719.40', '10,719.40', '10,719.40', '1', '1,934.36', '0.00', '11,606.56', '0.00');

-- --------------------------------------------------------

--
-- Table structure for table `account_debt`
--

CREATE TABLE `account_debt` (
  `id` int(11) NOT NULL,
  `debt_id` int(11) NOT NULL,
  `account_manager` varchar(50) NOT NULL,
  `loan_account_number` varchar(20) NOT NULL,
  `loan_account_type` varchar(100) NOT NULL,
  `loan_group` varchar(100) NOT NULL,
  `loan_account_status` varchar(50) NOT NULL,
  `status_change_date` varchar(50) NOT NULL,
  `request_deferral` varchar(50) NOT NULL,
  `request_suspend` varchar(50) NOT NULL,
  `date_suspend` varchar(50) NOT NULL
) ENGINE=InnoDB DEFAULT CHARSET=utf8 COLLATE=utf8_general_ci;

--
-- Dumping data for table `account_debt`
--

INSERT INTO `account_debt` (`id`, `debt_id`, `account_manager`, `loan_account_number`, `loan_account_type`, `loan_group`, `loan_account_status`, `status_change_date`, `request_deferral`, `request_suspend`, `date_suspend`) VALUES
(1, 1, 'KTB', '1019025638', 'บัญชีเงินกู้กยศ.', 'กลุ่มบังคับคดี', 'ปกติ', '10/10/2552', '-', '-', '-'),
(2, 2, 'KTB', '1035895986', 'บัญชีเงินกู้กยศ.', 'กลุ่มบังคับคดี', 'ปกติ', '10/10/2552', '-', '-', '-'),
(3, 3, 'KTB', '1035592002', 'บัญชีเงินกู้กยศ.', 'กลุ่มบังคับคดี', 'ปกติ', '10/10/2552', '-', '-', '-'),
(4, 4, 'KTB', '1023384779', 'บัญชีเงินกู้กยศ.', 'กลุ่มบังคับคดี', 'ปกติ', '10/10/2552', '-', '-', '-'),
(5, 5, 'KTB', '1035665689', 'บัญชีเงินกู้กยศ.', 'กลุ่มบังคับคดี', 'ปกติ', '10/10/2552', '-', '-', '-'),
(6, 6, 'KTB', '1035565919', 'บัญชีเงินกู้กยศ.', 'กลุ่มบังคับคดี', 'ปกติ', '10/10/2552', '-', '-', '-'),
(7, 7, 'KTB', '1035565862', 'บัญชีเงินกู้กยศ.', 'กลุ่มบังคับคดี', 'ปกติ', '10/10/2552', '-', '-', '-'),
(8, 8, 'KTB', '1035540851', 'บัญชีเงินกู้กยศ.', 'กลุ่มบังคับคดี', 'ปกติ', '10/10/2552', '-', '-', '-'),
(9, 9, 'KTB', '1035712172', 'บัญชีเงินกู้กยศ.', 'กลุ่มบังคับคดี', 'ปกติ', '10/10/2552', '-', '-', '-'),
(10, 10, 'KTB', '1035674696', 'บัญชีเงินกู้กยศ.', 'กลุ่มบังคับคดี', 'ปกติ', '10/10/2552', '-', '-', '-'),
(11, 11, 'KTB', '1035774968', 'บัญชีเงินกู้กยศ.', 'กลุ่มบังคับคดี', 'ปกติ', '10/10/2552', '-', '-', '-'),
(12, 12, 'KTB', '1028496419', 'บัญชีเงินกู้กยศ.', 'กลุ่มบังคับคดี', 'ปกติ', '10/10/2552', '-', '-', '-'),
(13, 13, 'KTB', '1011193450', 'บัญชีเงินกู้กยศ.', 'กลุ่มบังคับคดี', 'ปกติ', '09/10/2552', '-', '-', '-'),
(14, 14, 'KTB', '1011330482', 'บัญชีเงินกู้กยศ.', 'กลุ่มบังคับคดี', 'ปกติ', '09/10/2552', '-', '-', '-'),
(15, 15, 'KTB', '1011348012', 'บัญชีเงินกู้กยศ.', 'กลุ่มบังคับคดี', 'ปกติ', '09/10/2552', '-', '-', '-'),
(16, 16, 'KTB', '1036852075', 'บัญชีเงินกู้กยศ.', 'กลุ่มบังคับคดี', 'ปกติ', '10/10/2552', '-', '-', '-'),
(17, 17, 'KTB', '1037045890', 'บัญชีเงินกู้กยศ.', 'กลุ่มบังคับคดี', 'ปกติ', '10/10/2552', '-', '-', '-'),
(18, 18, 'KTB', '1037077296', 'บัญชีเงินกู้กยศ.', 'กลุ่มบังคับคดี', 'ปกติ', '10/10/2552', '-', '-', '-'),
(19, 19, 'KTB', '1012037614', 'บัญชีเงินกู้กยศ.', 'กลุ่มบังคับคดี', 'ปกติ', '10/10/2552', '-', '-', '-'),
(20, 20, 'KTB', '1012039110', 'บัญชีเงินกู้กยศ.', 'กลุ่มบังคับคดี', 'ปกติ', '10/10/2552', '-', '-', '-'),
(21, 21, 'KTB', '1012110311', 'บัญชีเงินกู้กยศ.', 'กลุ่มบังคับคดี', 'ปกติ', '10/10/2552', '-', '-', '-'),
(22, 22, 'KTB', '1012425061', 'บัญชีเงินกู้กยศ.', 'กลุ่มบังคับคดี', 'ปกติ', '10/10/2552', '-', '-', '-'),
(23, 23, 'KTB', '1012386155', 'บัญชีเงินกู้กยศ.', 'กลุ่มบังคับคดี', 'ปกติ', '10/10/2552', '-', '-', '-'),
(24, 24, 'KTB', '1012808181', 'บัญชีเงินกู้กยศ.', 'กลุ่มบังคับคดี', 'ปกติ', '10/10/2552', '-', '-', '-');

-- --------------------------------------------------------

--
-- Table structure for table `debtor`
--

CREATE TABLE `debtor` (
  `id` int(11) NOT NULL,
  `idcard` varchar(13) NOT NULL,
  `prefix` varchar(20) NOT NULL,
  `fname` varchar(100) NOT NULL,
  `lname` varchar(100) NOT NULL,
  `no_account` varchar(20) NOT NULL,
  `status_account` varchar(50) NOT NULL,
  `status_personal` varchar(50) NOT NULL,
  `type_account` varchar(100) NOT NULL,
  `telephone` longtext NOT NULL
) ENGINE=InnoDB DEFAULT CHARSET=utf8 COLLATE=utf8_general_ci;

--
-- Dumping data for table `debtor`
--

INSERT INTO `debtor` (`id`, `idcard`, `prefix`, `fname`, `lname`, `no_account`, `status_account`, `status_personal`, `type_account`, `telephone`) VALUES
(1, '5411400064501', 'นาย', 'อภิชาติ', 'บุญกว้าง', '1019025638', '00', 'ปกติ', 'บัญชีเงินกู้กยศ.', '[\"0621704094\",\"0611656218\"]'),
(2, '1420900133940', 'นางสาว', 'สุพัตรา', 'ทองจีน', '1035895986', '00', 'ปกติ', 'บัญชีเงินกู้กยศ.', '[\"064-4858295\"]'),
(3, '1101499060677', 'นางสาว', 'พัชรี', 'แก้วดวงดี', '1035592002', '00', 'ปกติ', 'บัญชีเงินกู้กยศ.', '[\"0945367557\"]'),
(4, '2960100013846', 'นางสาว', 'ไซนอลี', 'สามะ', '1023384779', '00', 'ปกติ', 'บัญชีเงินกู้กยศ.', '[\"0639628006\",\"0917517304\",\"0954692584\",\"0835179591\"]'),
(5, '1420900098770', 'นาย', 'วิทยา', 'พรมจำปา', '1035665689', '00', 'ปกติ', 'บัญชีเงินกู้กยศ.', '[\"0985801123\"]'),
(6, '1429900096619', 'นางสาว', 'จิราภรณ์', 'ครุนันท์', '1035565919', '00', 'ปกติ', 'บัญชีเงินกู้กยศ.', '[\"0621533689\"]'),
(7, '1421000131763', 'นางสาว', 'เพ็ญนภา', 'ผงสุข', '1035565862', '00', 'ปกติ', 'บัญชีเงินกู้กยศ.', '[\"0801998583\",\"0917450487\"]'),
(8, '1430100092629', 'นางสาว', 'จิตรา', 'พานุรัตน์', '1035540851', '00', 'ปกติ', 'บัญชีเงินกู้กยศ.', '[\"0642628088\",\"0841234318\",\"0886912498\",\"0638709125\"]'),
(9, '1429900092028', 'นาย', 'เบญจรงค์', 'ศรีอินทร์', '1035712172', '00', 'ปกติ', 'บัญชีเงินกู้กยศ.', '[\"0656402901\",\"0806636049\"]'),
(10, '3420200083300', 'นาย', 'สมชาย', 'รามศิริ', '1035674696', '00', 'ปกติ', 'บัญชีเงินกู้กยศ.', '[\"0944460740\"]'),
(11, '1420900170586', 'นางสาว', 'สุดารัตน์', 'สุขมา', '1035774968', '00', 'ปกติ', 'บัญชีเงินกู้กยศ.', '[\"0981230530\"]'),
(12, '3410101392321', 'นางสาว', 'อรัญญา', 'ดอนเสือ', '1028496419', '00', 'ปกติ', 'บัญชีเงินกู้กยศ.', '[\"0958032150\"]'),
(13, '3400101091720', 'นางสาว', 'กาญจนา', 'เพียดสิงห์', '1011193450', '00', 'ปกติ', 'บัญชีเงินกู้กยศ.', '[\"0944100419\",\"0617482281\",\"0815788061\"]'),
(14, '3420600035086', 'นางสาว', 'กาญจนา', 'กมลรัตน์', '1011330482', '00', 'ปกติ', 'บัญชีเงินกู้กยศ.', '[\"0655390053\",\"0935248394\",\"0931357834\",\"0845402710\"]'),
(15, '5420990035422', 'นางสาว', 'ปรียารัตน์', 'บางใบ', '1011348012', '00', 'ปกติ', 'บัญชีเงินกู้กยศ.', '[\"0627841351\"]'),
(16, '3411200418230', 'นาย', 'บัณฑิต', 'กมุลคร', '1036852075', '00', 'ปกติ', 'บัญชีเงินกู้กยศ.', '[\"0627980863\",\"0934871179\"]'),
(17, '3411400653658', 'นาย', 'บุญญฤทธิ์', 'คุยบุตร', '1037045890', '00', 'ปกติ', 'บัญชีเงินกู้กยศ.', '[\"0982147241\",\"0857576763\",\"0938431514\"]'),
(18, '4411500004072', 'นาย', 'ศุภกร', 'วิแสง', '1037077296', '00', 'ปกติ', 'บัญชีเงินกู้กยศ.', '[\"0872328119\"]'),
(19, '3420300274883', 'นาย', 'กมล', 'อาศัย', '1012037614', '00', 'ปกติ', 'บัญชีเงินกู้กยศ.', '[\"0621230122\",\"0637294499\"]'),
(20, '3420500249971', 'นาง', 'ธนพร', 'สลีอ่อน', '1012039110', '00', 'ปกติ', 'บัญชีเงินกู้กยศ.', '[\"0648368569\"]'),
(21, '3420100234527', 'นางสาว', 'วาสนา', 'วรพันธ์', '1012110311', '00', 'ปกติ', 'บัญชีเงินกู้กยศ.', '[\"0951685193\"]'),
(22, '3420100485279', 'นางสาว', 'สุพัตรา', 'เภาแสน', '1012425061', '00', 'ปกติ', 'บัญชีเงินกู้กยศ.', '[\"0637469568\",\"0967122187\",\"0826562476\"]'),
(23, '3420500214230', 'นาง', 'ประภัสสร', 'มาโฮนีย์', '1012386155', '00', 'ปกติ', 'บัญชีเงินกู้กยศ.', '[\"0639980453\"]'),
(24, '5411400107285', 'นาง', 'เกศรินทร์', 'เนาว์โพธิ์ทอง', '1012808181', '00', 'ปกติ', 'บัญชีเงินกู้กยศ.', '[\"0850478238\"]');

--
-- Indexes for dumped tables
--

--
-- Indexes for table `account_data`
--
ALTER TABLE `account_data`
  ADD PRIMARY KEY (`id`);

--
-- Indexes for table `account_debt`
--
ALTER TABLE `account_debt`
  ADD PRIMARY KEY (`id`);

--
-- Indexes for table `debtor`
--
ALTER TABLE `debtor`
  ADD PRIMARY KEY (`id`);

--
-- AUTO_INCREMENT for dumped tables
--

--
-- AUTO_INCREMENT for table `account_data`
--
ALTER TABLE `account_data`
  MODIFY `id` int(11) NOT NULL AUTO_INCREMENT, AUTO_INCREMENT=29;

--
-- AUTO_INCREMENT for table `account_debt`
--
ALTER TABLE `account_debt`
  MODIFY `id` int(11) NOT NULL AUTO_INCREMENT, AUTO_INCREMENT=25;

--
-- AUTO_INCREMENT for table `debtor`
--
ALTER TABLE `debtor`
  MODIFY `id` int(11) NOT NULL AUTO_INCREMENT, AUTO_INCREMENT=25;
COMMIT;

/*!40101 SET CHARACTER_SET_CLIENT=@OLD_CHARACTER_SET_CLIENT */;
/*!40101 SET CHARACTER_SET_RESULTS=@OLD_CHARACTER_SET_RESULTS */;
/*!40101 SET COLLATION_CONNECTION=@OLD_COLLATION_CONNECTION */;
